<?xml version="1.0" encoding="UTF-8"?>
<beans xmlns="http://www.springframework.org/schema/beans"
    xmlns:xsi="http://www.w3.org/2001/XMLSchema-instance"
    xmlns:aop="http://www.springframework.org/schema/aop"
    xmlns:context="http://www.springframework.org/schema/context"
    xmlns:tx="http://www.springframework.org/schema/tx"
    xsi:schemaLocation="http://www.springframework.org/schema/beans
        http://www.springframework.org/schema/beans/spring-beans.xsd
        http://www.springframework.org/schema/aop
        http://www.springframework.org/schema/aop/spring-aop.xsd
        http://www.springframework.org/schema/context
        http://www.springframework.org/schema/context/spring-context.xsd
        http://www.springframework.org/schema/tx
        http://www.springframework.org/schema/tx/spring-tx.xsd">
  <!-- Spring的配置文件，这里主要配置和业务逻辑有官的 -->
  <!--  Spring配置文件核心点，数据源，事务控制，xxx -->
<!-- ++++++++++++++++++++++++++++++++++++++++++++++++++++ -->
  <!-- 读取dbconfig.properties  -->
  <context:property-placeholder location="classpath:dbconfig.properties"/>
  <!--  配置数据源 -->
  <bean id="pooledDataSource" class="com.mchange.v2.c3p0.ComboPooledDataSource">
  	<property name="jdbcUrl" value="${jdbc.jdbcUrl}"></property>
  	<property name="driverClass" value="${jdbc.driverClass}"></property>
  	<property name="user" value="${jdbc.user}"></property>
  	<property name="password" value="${jdbc.password}"></property>
  </bean>
    <!-- 扫描service下的bean -->
    <context:component-scan base-package="com.ruanyuan.service"></context:component-scan>    
<!--++++++++++++++++++++++++++++++++++++++++++++++++++++++++++++++++++  -->
	<!--  配置和mybatis的整合 -->
	<bean id="sqlSessionFactory" class="org.mybatis.spring.SqlSessionFactoryBean">
		<!-- 注入数据源 -->
		<property name="dataSource" ref="pooledDataSource"></property>
		<!-- 指定mybatis核心配置文件位置 -->
		<property name="configLocation" value="classpath:mybatis_config.xml"></property>
		<!-- 指定mybais的mapper文件的位置 -->
		<property name="mapperLocations" value="classpath:com/ruanyuan/dao/*.xml"></property>
	</bean>
	<!--  配置扫描器，将mybatis接口的实现加入到ico容器中 -->
	<bean class="org.mybatis.spring.mapper.MapperScannerConfigurer">
		<!-- 扫描所有的到接口，加入到ioc容器中 -->
		<property name="basePackage" value="com.ruanyuan.dao"></property>
	</bean>
<!--+++++++++++++++++++++++++++++++++++++++++++++++  -->
	<!-- 事务控制的配置 -->
	<bean id="transactionmanager" class="org.springframework.jdbc.datasource.DataSourceTransactionManager">
		<!-- 注入数据源 -->
		<property name="dataSource" ref="pooledDataSource"></property>
	</bean> 
	<!-- 开启基于注解的事务,使用xml配置形式的事务（必要主要的都是使用配置式） -->
	<aop:config>
		<!-- 切入点表达式 -->
		<aop:pointcut expression="execution(* com.crud.service..*(..))" id="txPoint"/>
		<!-- 配置事务增强  -->
		<aop:advisor advice-ref="txAdvice" pointcut-ref="txPoint"/>
	</aop:config>	
	<!-- 配置事务增强，事务如何切入 -->
	<tx:advice id="txAdvice" transaction-manager="transactionmanager">
		<tx:attributes>
			<!-- 所有方法都是事务方法 -->
			<tx:method name="*"/>
			<!-- 以get开始的所有方法 -->
			<tx:method name="get*" read-only="true"/>
		</tx:attributes>
	</tx:advice>
<!-- +++++++++++++++++++++++++++++++++++++++++++ -->
</beans>