<?xml version="1.0" encoding="UTF-8"?>
<beans xmlns="http://www.springframework.org/schema/beans"
    xmlns:xsi="http://www.w3.org/2001/XMLSchema-instance"
    xmlns:context="http://www.springframework.org/schema/context"
    xmlns:mvc="http://www.springframework.org/schema/mvc"
    xsi:schemaLocation="http://www.springframework.org/schema/beans
        http://www.springframework.org/schema/beans/spring-beans.xsd
        http://www.springframework.org/schema/context
        http://www.springframework.org/schema/context/spring-context.xsd
        http://www.springframework.org/schema/mvc
        http://www.springframework.org/schema/mvc/spring-mvc.xsd">
<!-- SpringMvc的配置文件，包含网站逻辑的跳转控制配置 -->
	<!-- 配置扫描controll包注解 -->
	<context:component-scan base-package="com.ruanyuan.controller"></context:component-scan>
	<!-- 视图解析器 -->
	<bean class="org.springframework.web.servlet.view.InternalResourceViewResolver">
		<!-- 设置前缀 -->
		<property name="prefix" value="/WEB-INF/view/"></property>
		<!--设置后缀 -->
		<property name="suffix" value=".jsp"></property>
	</bean>
	<!-- 两个标准配置 -->
	<!-- 将springmvc不能处理的请求交给tomcat -->
	<mvc:default-servlet-handler/>
	<!-- 自动注册bean，能支持spingmvc更高级的一些功能，JSR3030校验，快捷的ajax -->
	<mvc:annotation-driven/>
		<!-- json处理 -->
	<!--通过处理器映射DefaultAnnotationHandlerMapping来开启支持@Controller注解-->
	<bean class="org.springframework.web.servlet.mvc.method.annotation.RequestMappingHandlerMapping" />
	<!--通过处理器适配器AnnotationMethodHandlerAdapter来开启支持@RequestMapping注解-->
	<bean class="org.springframework.web.servlet.mvc.method.annotation.RequestMappingHandlerAdapter">
	    <property name="messageConverters">
	        <list>
	            <!-- 设置返回字符串编码 -->
	            <bean class="org.springframework.http.converter.StringHttpMessageConverter">
	                <property name = "supportedMediaTypes">
	                    <list>
	                        <value>text/html;charset=UTF-8</value>
	                        <value>application/json;charset=UTF-8</value>
	                    </list>
	                </property>
	            </bean>
	            <!-- json转换器 -->
	            <bean class="org.springframework.http.converter.json.MappingJackson2HttpMessageConverter">
	                <property name="supportedMediaTypes">
	                    <list>
	                        <value>text/html;charset=UTF-8</value>
	                        <value>application/json;charset=UTF-8</value>
	                    </list>
	                </property>
	            </bean>
	        </list>
	    </property>
	</bean>
</beans>

