<?xml version="1.0" encoding="UTF-8" ?>
<!DOCTYPE mapper PUBLIC "-//mybatis.org//DTD Mapper 3.0//EN" "http://mybatis.org/dtd/mybatis-3-mapper.dtd" >
<mapper namespace="com.ruanyuan.dao.MessageDao" >
	<!-- 留言表resultMap -->
	<resultMap type="Message" id="MessageResultMap">
		<id property="messageId" column="messageId"/>
		<result property="messageName" column="messageName"/>
		<result property="messageContent" column="messageContent"/>
		<result property="messageTime" column="messageTime"/>
		<result property="messageClicks" column="messageClicks"/>
		<result property="messageCount" column="messageCount"/>
		<result property="messageLMT" column="messageLMT"/>
		<association property="messUser" column="messUserId" javaType="User"
		select="com.ruanyuan.dao.UserDao.getUserById"></association>
		<association property="replyUser" column="messLMUserId" javaType="User" 
		select="com.ruanyuan.dao.UserDao.getUserById"></association>
	</resultMap>
	<!-- 分页查询所有留言  -->
	<select id="getMessageAllBylimit" parameterType="PageUtils" resultMap="MessageResultMap">
		select * from message limit #{start},#{limit}
	</select>
	<select id="getMessageAll" resultMap="MessageResultMap">
		select * from message
	</select>
	<!-- 获取全部留言条数 -->
	<select id="getMessageCount" parameterType="PageUtils" resultType="Integer">
		select count(*) from message
	</select>
	<!-- 添加留言 -->
	<insert id="addMessage" parameterType="Message">
		INSERT INTO message(messName,messContent,messTime,messUserId,messClicks,messLMT,messLMUserId,messCount)
				VALUES(#{messName},#{messContent},#{messTime},#{messUser.userId},#{messClicks},#{messLMT},#{replyUser.userId},#{messCount})
	</insert>
	<!-- 根据ID查询留言 -->
	<select id="getMessageById" parameterType="Integer" resultMap="MessageResultMap">
		select * from message where messId=#{messId}
	</select>
	
	<!-- 增加点击数 -->
	<update id="updateMessageClicks" parameterType="Integer">
		UPDATE message SET messClicks=messClicks+1 WHERE messId = #{messId}
	</update>
	
	<!-- 增加回复量 -->
	<update id="updateMessageCount" parameterType="Integer">
		UPDATE message SET messCount=messCount+1 WHERE messId = #{messId}
	</update>
	
	<!-- 修改最后回复时间 -->
	<update id="updateMessageLMT" parameterType="Message">
		UPDATE message SET messLMT=#{messLMT},messLMUserId=#{replyUser.userId} WHERE messId = #{messId}
	</update>
</mapper>