<?xml version="1.0" encoding="UTF-8" ?>
<!DOCTYPE mapper PUBLIC "-//mybatis.org//DTD Mapper 3.0//EN" "http://mybatis.org/dtd/mybatis-3-mapper.dtd" >
<mapper namespace="com.ruanyuan.dao.ReplyDao" >
	<!-- 回复表ReplyResultMap -->
	<resultMap type="Reply" id="ReplyResultMap">
		<id property="replyId" column="replyId"/>
		<result property="replyContent" column="replyContent"/>
		<result property="replyTime" column="replyTime"/>
		<result property="replyMessId" column="replyMessId"/>
		<association property="user" javaType="user">
			<id property="userId" column="userId"/>
			<result property="userName" column="userName"/>
			<result property="userCode" column="userCode"/>
			<result property="userPassword" column="userPassword"/>
			<result property="userSex" column="userSex"/>
		</association>
	</resultMap>
	<!-- 根据留言id查询所有回复 -->
	<select id="getReplyByMessId" parameterType="Integer" resultMap="ReplyResultMap">
		SELECT R.*,U.* FROM reply R,USER U WHERE R.replyUserId=U.userId and replyMessId=#{replyMessId}
	</select>
	
	<!-- 添加留言 -->
	<insert id="addReply" parameterType="Reply">
		INSERT INTO reply(replyContent,replyTime,replyUserId,replyMessId)VALUES(#{replyContent},#{replyTime},#{user.userId},#{replyMessId})
	</insert>
</mapper>