<?xml version="1.0" encoding="UTF-8" ?>
<!DOCTYPE mapper PUBLIC "-//mybatis.org//DTD Mapper 3.0//EN" "http://mybatis.org/dtd/mybatis-3-mapper.dtd" >
<mapper namespace="com.ruanyuan.dao.UserDao" >
	<!--  根据id查询用户 -->
	<select id="getUserById" parameterType="int" resultType="User">
		select * from user where userId=#{userId} 
	</select>
	<!-- 注册用户 -->
	<insert id="addUser" parameterType="User">
		INSERT INTO USER(userName,userCode,userPassword,userSex) VALUES(#{userName},#{userCode},#{userPassword},#{userSex})
		<!-- 
		INSERT INTO USER VALUES(NULL,#{userName},#{userCode},#{userPassword},#{userSex})
		
		 -->
	</insert>
	<!-- 根据账号查询用户是否存在 -->
	<select id="getUserByCode" parameterType="String" resultType="User">
		select * from user where userCode=#{userCode} 
	</select>
	<!-- 判断账号密码是否正确 -->
	<select id="getUserByUser" parameterType="User" resultType="User">
		SELECT * FROM USER WHERE userCode=#{userCode} AND userPassword=#{userPassword}
	</select>
</mapper>